Image,Id
00028a005.jpg,w_b02ac52 w_0369a5c w_1d4e949 w_f408b56 w_778e474
000dcf7d8.jpg,w_b02ac52 w_0369a5c w_1d4e949 w_f408b56 w_778e474
000e7c7df.jpg,w_b02ac52 w_0369a5c w_1d4e949 w_f408b56 w_778e474
0019c34f4.jpg,w_b02ac52 w_0369a5c w_1d4e949 w_f408b56 w_778e474
001a4d292.jpg,w_b02ac52 w_0369a5c w_1d4e949 w_f408b56 w_778e474
00247bc36.jpg,w_b02ac52 w_0369a5c w_1d4e949 w_f408b56 w_778e474
0027089a4.jpg,w_b02ac52 w_0369a5c w_1d4e949 w_f408b56 w_778e474
002de4d94.jpg,w_b02ac52 w_0369a5c w_1d4e949 w_f408b56 w_778e474
002f52f0c.jpg,w_b02ac52 w_0369a5c w_1d4e949 w_f408b56 w_778e474
002fd89d4.jpg,w_b02ac52 w_0369a5c w_1d4e949 w_f408b56 w_778e474
00313e2d2.jpg,w_b02ac52 w_0369a5c w_1d4e949 w_f408b56 w_778e474
00379666f.jpg,w_b02ac52 w_0369a5c w_1d4e949 w_f408b56 w_778e474
0041a9867.jpg,w_b02ac52 w_0369a5c w_1d4e949 w_f408b56 w_778e474
004344e9f.jpg,w_b02ac52 w_0369a5c w_1d4e949 w_f408b56 w_778e474
0048970f9.jpg,w_b02ac52 w_0369a5c w_1d4e949 w_f408b56 w_778e474
004fa8ff7.jpg,w_b02ac52 w_0369a5c w_1d4e949 w_f408b56 w_778e474
00512687e.jpg,w_b02ac52 w_0369a5c w_1d4e949 w_f408b56 w_778e474
006183fb4.jpg,w_b02ac52 w_0369a5c w_1d4e949 w_f408b56 w_778e474
0061febfc.jpg,w_b02ac52 w_0369a5c w_1d4e949 w_f408b56 w_778e474
0065d4964.jpg,w_b02ac52 w_0369a5c w_1d4e949 w_f408b56 w_778e474
00744bd58.jpg,w_b02ac52 w_0369a5c w_1d4e949 w_f408b56 w_778e474
007886aef.jpg,w_b02ac52 w_0369a5c w_1d4e949 w_f408b56 w_778e474
008a4bc86.jpg,w_b02ac52 w_0369a5c w_1d4e949 w_f408b56 w_778e474
009dd6c96.jpg,w_b02ac52 w_0369a5c w_1d4e949 w_f408b56 w_778e474
00a427ac6.jpg,w_b02ac52 w_0369a5c w_1d4e949 w_f408b56 w_778e474
00ac0fca6.jpg,w_b02ac52 w_0369a5c w_1d4e949 w_f408b56 w_778e474
00bb36bcf.jpg,w_b02ac52 w_0369a5c w_1d4e949 w_f408b56 w_778e474
00ca82e74.jpg,w_b02ac52 w_0369a5c w_1d4e949 w_f408b56 w_778e474
00ccb53ec.jpg,w_b02ac52 w_0369a5c w_1d4e949 w_f408b56 w_778e474
00d101f4b.jpg,w_b02ac52 w_0369a5c w_1d4e949 w_f408b56 w_778e474
00dc02f06.jpg,w_b02ac52 w_0369a5c w_1d4e949 w_f408b56 w_778e474
00e94fd56.jpg,w_b02ac52 w_0369a5c w_1d4e949 w_f408b56 w_778e474
00edab267.jpg,w_b02ac52 w_0369a5c w_1d4e949 w_f408b56 w_778e474
00f44f4e1.jpg,w_b02ac52 w_0369a5c w_1d4e949 w_f408b56 w_778e474
00ff45291.jpg,w_b02ac52 w_0369a5c w_1d4e949 w_f408b56 w_778e474
01034a160.jpg,w_b02ac52 w_0369a5c w_1d4e949 w_f408b56 w_778e474
0110a64a9.jpg,w_b02ac52 w_0369a5c w_1d4e949 w_f408b56 w_778e474
011490ea7.jpg,w_b02ac52 w_0369a5c w_1d4e949 w_f408b56 w_778e474
01288355d.jpg,w_b02ac52 w_0369a5c w_1d4e949 w_f408b56 w_778e474
012dbdb59.jpg,w_b02ac52 w_0369a5c w_1d4e949 w_f408b56 w_778e474
0133056d1.jpg,w_b02ac52 w_0369a5c w_1d4e949 w_f408b56 w_778e474
013cb8d04.jpg,w_b02ac52 w_0369a5c w_1d4e949 w_f408b56 w_778e474
013e23c3f.jpg,w_b02ac52 w_0369a5c w_1d4e949 w_f408b56 w_778e474
01665bc26.jpg,w_b02ac52 w_0369a5c w_1d4e949 w_f408b56 w_778e474
0169cec0e.jpg,w_b02ac52 w_0369a5c w_1d4e949 w_f408b56 w_778e474
016bbca6e.jpg,w_b02ac52 w_0369a5c w_1d4e949 w_f408b56 w_778e474
016ca6f9c.jpg,w_b02ac52 w_0369a5c w_1d4e949 w_f408b56 w_778e474
0170f741c.jpg,w_b02ac52 w_0369a5c w_1d4e949 w_f408b56 w_778e474
0182ae396.jpg,w_b02ac52 w_0369a5c w_1d4e949 w_f408b56 w_778e474
01830c9cf.jpg,w_b02ac52 w_0369a5c w_1d4e949 w_f408b56 w_778e474
01902b965.jpg,w_b02ac52 w_0369a5c w_1d4e949 w_f408b56 w_778e474
01b1ecf7b.jpg,w_b02ac52 w_0369a5c w_1d4e949 w_f408b56 w_778e474
01b7a570a.jpg,w_b02ac52 w_0369a5c w_1d4e949 w_f408b56 w_778e474
01c91eadc.jpg,w_b02ac52 w_0369a5c w_1d4e949 w_f408b56 w_778e474
01d0bd024.jpg,w_b02ac52 w_0369a5c w_1d4e949 w_f408b56 w_778e474
01d48763a.jpg,w_b02ac52 w_0369a5c w_1d4e949 w_f408b56 w_778e474
01d8ab0b0.jpg,w_b02ac52 w_0369a5c w_1d4e949 w_f408b56 w_778e474
01d9c00d4.jpg,w_b02ac52 w_0369a5c w_1d4e949 w_f408b56 w_778e474
01ddb76dc.jpg,w_b02ac52 w_0369a5c w_1d4e949 w_f408b56 w_778e474
01e1319b8.jpg,w_b02ac52 w_0369a5c w_1d4e949 w_f408b56 w_778e474
01e527ebc.jpg,w_b02ac52 w_0369a5c w_1d4e949 w_f408b56 w_778e474
01ea0d37f.jpg,w_b02ac52 w_0369a5c w_1d4e949 w_f408b56 w_778e474
01f47d246.jpg,w_b02ac52 w_0369a5c w_1d4e949 w_f408b56 w_778e474
01f9f858a.jpg,w_b02ac52 w_0369a5c w_1d4e949 w_f408b56 w_778e474
01fb8d6d7.jpg,w_b02ac52 w_0369a5c w_1d4e949 w_f408b56 w_778e474
020025fbc.jpg,w_b02ac52 w_0369a5c w_1d4e949 w_f408b56 w_778e474
02160c50a.jpg,w_b02ac52 w_0369a5c w_1d4e949 w_f408b56 w_778e474
0219364ca.jpg,w_b02ac52 w_0369a5c w_1d4e949 w_f408b56 w_778e474
02283cf37.jpg,w_b02ac52 w_0369a5c w_1d4e949 w_f408b56 w_778e474
0238ebb55.jpg,w_b02ac52 w_0369a5c w_1d4e949 w_f408b56 w_778e474
023ef338e.jpg,w_b02ac52 w_0369a5c w_1d4e949 w_f408b56 w_778e474
02475f335.jpg,w_b02ac52 w_0369a5c w_1d4e949 w_f408b56 w_778e474
0247dd21a.jpg,w_b02ac52 w_0369a5c w_1d4e949 w_f408b56 w_778e474
024a01a2b.jpg,w_b02ac52 w_0369a5c w_1d4e949 w_f408b56 w_778e474
0259dec9a.jpg,w_b02ac52 w_0369a5c w_1d4e949 w_f408b56 w_778e474
025bc349d.jpg,w_b02ac52 w_0369a5c w_1d4e949 w_f408b56 w_778e474
02614d547.jpg,w_b02ac52 w_0369a5c w_1d4e949 w_f408b56 w_778e474
02626b1c3.jpg,w_b02ac52 w_0369a5c w_1d4e949 w_f408b56 w_778e474
0273758b8.jpg,w_b02ac52 w_0369a5c w_1d4e949 w_f408b56 w_778e474
0277b3be9.jpg,w_b02ac52 w_0369a5c w_1d4e949 w_f408b56 w_778e474
027a8ca32.jpg,w_b02ac52 w_0369a5c w_1d4e949 w_f408b56 w_778e474
027e9ff14.jpg,w_b02ac52 w_0369a5c w_1d4e949 w_f408b56 w_778e474
0294fcaf4.jpg,w_b02ac52 w_0369a5c w_1d4e949 w_f408b56 w_778e474
02950682c.jpg,w_b02ac52 w_0369a5c w_1d4e949 w_f408b56 w_778e474
02a000c65.jpg,w_b02ac52 w_0369a5c w_1d4e949 w_f408b56 w_778e474
02a7d8a15.jpg,w_b02ac52 w_0369a5c w_1d4e949 w_f408b56 w_778e474
02a9c6f67.jpg,w_b02ac52 w_0369a5c w_1d4e949 w_f408b56 w_778e474
02ab81ee7.jpg,w_b02ac52 w_0369a5c w_1d4e949 w_f408b56 w_778e474
02aff2eda.jpg,w_b02ac52 w_0369a5c w_1d4e949 w_f408b56 w_778e474
02b063a20.jpg,w_b02ac52 w_0369a5c w_1d4e949 w_f408b56 w_778e474
02b4c72e2.jpg,w_b02ac52 w_0369a5c w_1d4e949 w_f408b56 w_778e474
02bd94f1f.jpg,w_b02ac52 w_0369a5c w_1d4e949 w_f408b56 w_778e474
02bdf0929.jpg,w_b02ac52 w_0369a5c w_1d4e949 w_f408b56 w_778e474
02c298e3c.jpg,w_b02ac52 w_0369a5c w_1d4e949 w_f408b56 w_778e474
02c583932.jpg,w_b02ac52 w_0369a5c w_1d4e949 w_f408b56 w_778e474
02cd0a66b.jpg,w_b02ac52 w_0369a5c w_1d4e949 w_f408b56 w_778e474
02ce8eb2b.jpg,w_b02ac52 w_0369a5c w_1d4e949 w_f408b56 w_778e474
02cfedaf7.jpg,w_b02ac52 w_0369a5c w_1d4e949 w_f408b56 w_778e474
02d726ca2.jpg,w_b02ac52 w_0369a5c w_1d4e949 w_f408b56 w_778e474
02d8e1e1f.jpg,w_b02ac52 w_0369a5c w_1d4e949 w_f408b56 w_778e474
